{
<<<<<<< HEAD
    "last_api_fetch_timestamp": 1756239445.6215525
=======
    "last_api_fetch_timestamp": 1756388413.4586685
>>>>>>> 5a3c4d9ed36f27d633ecb036c91a610a2d933fad
}